incident_unique_id,eyear,state,incidentnum,incidentname,emonth,eday,edoy,syear,smonth,sday,sdoy,area_km2,costs,fatalities,home.destroyed,home.threat,max.pers,max.aerial,tot.pers,tot.aerial,max.agency.support,cause,confidence,geometry
04-ALS-001|2004|1,2004,AL,04-ALS-001,1st quarter,3,15,75,2004,1,1,1,0.00404686,0,0,6,665,0,0,0,0,0,Unk,L,"c(0, 0)"
04-ALS-017|2004|1,2004,AL,04-ALS-017,Fort Morgan,3,29,89,2004,3,26,86,1.011715,0,0,0,0,0,0,0,0,0,Human,H,"c(-87.816667, 30.256944)"
1224|2006|1,2006,CA,1224,Multiple June Fires,6,30,181,2006,6,26,177,0.08498406,4e5,0,0,2,247,0,1248,0,4,Lightning,NF,"c(0, 0)"
2002-10|2002|1,2002,AL,2002-10,Oct1YTD,10,1,274,2002,8,1,213,0,0,1,4,52,0,0,0,0,0,Human,NF,"c(0, 0)"
2003-01|2003|1,2003,AL,2003-01,Jan/Feb,3,4,63,2003,1,1,1,0,0,0,10,173,0,0,0,0,0,Lightning,NF,"c(0, 0)"
2003-02|2003|1,2003,AL,2003-02,Mar/Apr,5,6,126,2003,3,1,60,0,0,0,1,167,0,0,0,0,0,Human,NF,"c(0, 0)"
AK-ARR-000462|2013|1,2013,,AK-ARR-000462,Shoulder Mountain,7,24,205,2013,6,28,179,0,9e4,0,0,0,0,0,0,0,0,Lightning,H,"c(-143.533333, 67.85)"
AK-CRS-314444|2013|1,2013,,AK-CRS-314444,Excelsior,10,26,294,2013,6,27,178,24.83557982,7e4,0,0,0,0,0,0,0,1,Lightning,H,"c(-145.185083, 62.698056)"
AK-CRS-314625|2013|1,2013,,AK-CRS-314625,Tabert Lake,10,21,294,2013,7,31,212,6.0257745400000005,596072,0,0,0,5,0,10,0,1,Lightning,H,"c(-146.823333, 62.295556)"
AK-CRS-713314415|2013|1,2013,,AK-CRS-713314415,Chistochina Trail,7,30,184,2013,6,26,177,0.12545266,452281,0,0,0,28,0,106,0,1,Lightning,H,"c(-144.793611, 69.658056)"
AK-FAS-311088|2013|1,2013,,AK-FAS-311088,Louise Creek,8,29,241,2013,5,27,147,0.9671995400000001,41876,0,0,0,0,0,0,0,0,Human,H,"c(-148.861667, 63.921667)"
AK-FAS-311247|2013|1,2013,,AK-FAS-311247,Tatlanika Creek,8,29,241,2013,6,16,167,0.8093720000000001,2e4,0,0,0,0,0,0,0,0,Human,H,"c(-148.696389, 64.017222)"
AK-FAS-311248|2013|1,2013,,AK-FAS-311248,Old Valdez Trail,6,23,174,2013,6,16,167,0.0809372,626866,0,0,0,72,0,453,0,4,Human,H,"c(-146.947778, 64.404444)"
AK-FAS-311255|2013|1,2013,,AK-FAS-311255,California Creek,9,29,249,2013,6,17,168,3.1565508,33141,0,0,0,0,0,0,0,0,Human,H,"c(-148.660278, 64.025833)"
AK-FAS-311258|2013|1,2013,,AK-FAS-311258,Kanuti,7,30,199,2013,6,17,168,0.48562320000000003,1522022,0,0,0,140,0,1165,0,4,Human,H,"c(-147.098889, 64.874444)"
AK-FAS-311323|2013|1,2013,,AK-FAS-311323,Clear AFB,7,30,192,2013,6,20,171,0.3237488,1671448,0,0,0,148,0,933,0,5,Lightning,H,"c(-149.2125, 64.311111)"
AK-FAS-311388|2013|1,2013,,AK-FAS-311388,Skinny's Road,10,30,274,2013,6,25,176,7.30862916,5e6,0,0,26,477,0,5206,0,5,Human,H,"c(-148.688667, 64.736111)"
AK-FAS-311649|2013|1,2013,,AK-FAS-311649,Long Creek,8,9,221,2013,8,3,215,0.33993624,681027,0,0,2,83,0,475,0,1,Human,H,"c(-147.021389, 65.23)"
AK-FAS-311679|2013|1,2013,,AK-FAS-311679,Caribou Creek,10,29,274,2013,8,11,223,53.216209,1242928,0,0,0,56,0,226,0,2,Human,H,"c(-145.781944, 64.691944)"
AK-GAD-000292|2013|1,2013,,AK-GAD-000292,Shaktoolik RIver,8,27,213,2013,6,20,171,47.34623857,0,0,0,0,0,0,0,0,0,Lightning,H,"c(-160.297778, 64.121111)"
AK-GAD-000294|2013|1,2013,,AK-GAD-000294,Stove Creek,6,24,175,2013,6,20,171,0.29542078,0,0,0,0,72,0,306,0,3,Lightning,H,"c(-160.081944, 63.931111)"
AK-GAD-000303|2013|1,2013,,AK-GAD-000303,Bear Creek,7,25,206,2013,6,20,171,83.704038182,0,0,0,0,0,0,0,0,0,Lightning,H,"c(-159.588333, 63.696667)"
AK-GAD-000305|2013|1,2013,,AK-GAD-000305,Old Women River,7,24,192,2013,6,20,171,7.53525332,0,0,0,0,0,0,0,0,0,Lightning,H,"c(-159.781667, 63.755556)"
AK-GAD-000306|2013|1,2013,,AK-GAD-000306,Ridge Top,6,24,175,2013,6,20,171,11.515744816,0,0,0,0,0,0,0,0,0,Lightning,H,"c(-159.669444, 63.725556)"
AK-GAD-000309|2013|1,2013,,AK-GAD-000309,Colville,7,27,192,2013,6,20,171,4.856232,0,0,0,0,0,0,0,0,0,Lightning,H,"c(-156.366667, 69.066667)"
AK-GAD-000311|2013|1,2013,,AK-GAD-000311,Archimedes,7,27,192,2013,6,20,171,6.07029,0,0,0,0,0,0,0,0,0,Lightning,H,"c(-161.563611, 69.045833)"
AK-GAD-000313|2013|1,2013,,AK-GAD-000313,Kavachurak,6,27,178,2013,6,20,171,3.6745488799999997,0,0,0,0,0,0,0,0,0,Lightning,H,"c(-156.946944, 67.844722)"
AK-GAD-000318|2013|1,2013,,AK-GAD-000318,Awuna River 1,7,27,192,2013,6,20,171,6.07029,0,0,0,0,0,0,0,0,0,Lightning,H,"c(-156.15, 69.05)"
AK-GAD-000363|2013|1,2013,,AK-GAD-000363,South Fork,7,27,192,2013,6,23,174,18.21087,0,0,0,0,0,0,0,0,0,Lightning,H,"c(-159.633333, 65.583333)"
AK-GAD-000389|2013|1,2013,,AK-GAD-000389,Nayuka River,7,27,206,2013,6,25,176,4.1277972,0,0,0,0,0,0,0,0,0,Lightning,H,"c(-155.211111, 65.771389)"
AK-GAD-000432|2013|1,2013,,AK-GAD-000432,Four Mile Creek,7,29,192,2013,6,26,177,2.832802,0,0,0,0,0,0,0,0,0,Lightning,H,"c(-156.486944, 63.603056)"
AK-GAD-000439|2013|1,2013,,AK-GAD-000439,Branch Creek,7,5,186,2013,6,27,178,1.189372154,0,0,0,0,0,0,0,0,0,Lightning,H,"c(-157.143333, 64.381944)"
AK-GAD-000451|2013|1,2013,,AK-GAD-000451,Hammer Creek,7,29,192,2013,6,27,178,17.603841,0,0,0,0,0,0,0,0,0,Lightning,H,"c(-157.804722, 63.440833)"
AK-GAD-000464|2013|1,2013,,AK-GAD-000464,Innoko 1,7,29,192,2013,6,28,179,6.240662806,0,0,0,0,0,0,0,0,0,Lightning,H,"c(-157.466667, 63.416667)"
AK-GAD-000540|2013|1,2013,,AK-GAD-000540,Main Creek,8,28,240,2013,7,13,194,5.130609108,0,0,0,0,0,0,0,0,0,Lightning,H,"c(-155.786111, 64.566667)"
AK-MID-000109|2013|1,2013,,AK-MID-000109,Moose Creek,6,31,153,2013,5,29,149,0.016996812,86520,0,0,0,51,0,115,0,4,Human,H,"c(-146.980833, 64.695833)"
AK-MID-000117|2013|1,2013,,AK-MID-000117,Mississippi,11,31,306,2013,5,30,150,274.01693746,15e6,0,0,126,506,0,5300,0,10,Human,H,"c(-145.993056, 63.893056)"
AK-MID-000280|2013|1,2013,,AK-MID-000280,Stuart Creek #2,8,31,235,2013,6,19,170,3456.7266404999996,25e6,0,3,750,796,0,21759,0,11,Human,H,"c(-146.466667, 64.7)"
AK-MSS-301129|2013|1,2013,,AK-MSS-301129,Point MacKenzie,6,31,156,2013,5,30,150,0.1821087,249863,0,1,3,44,0,178,0,1,Human,H,"c(-149.956389, 61.411667)"
AK-MSS-301207|2013|1,2013,,AK-MSS-301207,Nakochna River,6,12,163,2013,6,10,161,0.3035145,88148,0,0,0,20,0,42,0,2,Lightning,H,"c(-151.957778, 62.181111)"
AK-MSS-301417|2013|1,2013,,AK-MSS-301417,Wantana,6,30,181,2013,6,26,177,0.15782754,15e4,0,0,0,21,0,63,0,2,Lightning,H,"c(-148.374444, 62.8225)"
AK-SWS-304|2013|1,2013,,AK-SWS-304,Moose Creek,6,22,173,2013,6,22,173,0.0202343,0,0,0,0,8,0,8,0,1,Lightning,H,"c(-156.485278, 61.839722)"
AK-SWS-304123|2013|1,2013,,AK-SWS-304123,Doestock Creek,6,28,179,2013,5,30,150,117.75957914000001,11011,0,0,0,0,0,0,0,0,Lightning,H,"c(-158.959167, 61.249722)"
AK-SWS-304131|2013|1,2013,,AK-SWS-304131,George River,6,20,171,2013,5,30,150,2.3674131,3185,0,0,0,0,0,0,0,0,Lightning,H,"c(-157.116667, 62.316667)"
AK-SWS-304135|2013|1,2013,,AK-SWS-304135,fISH 2,6,24,175,2013,5,31,151,44.515460000000004,17205,0,0,0,0,0,0,0,0,Lightning,H,"c(-160.643333, 61.158611)"
AK-SWS-304139|2013|1,2013,,AK-SWS-304139,Takotna River,6,23,174,2013,5,31,151,8.19084464,4326,0,0,0,0,0,0,0,0,Lightning,H,"c(-156.784167, 62.593333)"
AK-SWS-304140|2013|1,2013,,AK-SWS-304140,Moore Creek,8,30,241,2013,6,2,153,648.9342353000001,37e4,0,0,9,25,0,171,0,2,Lightning,H,"c(-155.82, 62.535833)"
AK-SWS-304143|2013|1,2013,,AK-SWS-304143,Gold Mine,6,24,175,2013,5,31,151,2.630459,388482,0,0,0,48,0,312,0,2,Lightning,H,"c(-156.608333, 62.983333)"
AK-SWS-304144|2013|1,2013,,AK-SWS-304144,Lime Hills,8,30,241,2013,5,31,151,1073.9435662199999,29e5,0,0,30,86,0,1142,0,3,Lightning,H,"c(-155.690556, 61.455278)"
AK-SWS-304157|2013|1,2013,,AK-SWS-304157,Julie Creek,6,24,175,2013,6,1,152,2.8530363,202725,0,0,0,32,0,102,0,1,Lightning,H,"c(-158.226111, 62.544444)"
AK-SWS-304275|2013|1,2013,,AK-SWS-304275,Kristin Creek,7,30,204,2013,6,18,169,81.07479324,177619,0,0,2,12,0,60,0,2,Lightning,H,"c(-154.188889, 61.042222)"
AK-SWS-304287|2013|1,2013,,AK-SWS-304287,Jungjuk,6,24,175,2013,6,19,170,0.03237488,49370,0,0,0,0,0,0,0,0,Lightning,H,"c(-158.225556, 61.777778)"
AK-SWS-304288|2013|1,2013,,AK-SWS-304288,Qguohaydok,6,28,179,2013,6,19,170,0.3642174,877424,0,0,1,59,0,377,0,3,Lightning,H,"c(-158.280278, 61.793611)"
AK-SWS-304289|2013|1,2013,,AK-SWS-304289,Village Creek,6,30,181,2013,6,19,170,0.5260918,656991,0,0,0,50,0,272,0,3,Lightning,H,"c(-158.314722, 61.8)"
AK-SWS-304361|2013|1,2013,,AK-SWS-304361,Moose Creek,6,29,180,2013,6,22,173,0.07689034,169768,0,0,0,22,0,125,0,1,Lightning,H,"c(-156.485278, 61.839722)"
AK-SWS-304379|2013|1,2013,,AK-SWS-304379,Von Frank,7,28,199,2013,6,24,175,1.6106502799999998,6800,0,0,0,0,0,0,0,0,Lightning,H,"c(-154.353889, 63.528056)"
AK-SWS-304437|2013|1,2013,,AK-SWS-304437,Currant Creek,8,30,240,2013,6,27,178,688.10379324,2e5,0,0,0,0,0,0,0,0,Lightning,H,"c(-153.915278, 60.276111)"
AK-SWS-304443|2013|1,2013,,AK-SWS-304443,Hoholitna,7,30,204,2013,6,26,177,66.55304081599999,751682,0,0,3,37,0,138,0,3,Lightning,H,"c(-156.889167, 61.455)"
AK-SWS-304591|2013|1,2013,,AK-SWS-304591,Can Creek,8,31,240,2013,7,28,209,27.029382626,730205,0,0,28,43,0,298,0,2,Lightning,H,"c(-155.234444, 61.281389)"
AK-SWS-304596|2013|1,2013,,AK-SWS-304596,Whitefish Lake,8,29,241,2013,7,28,209,17.81023086,6266,0,0,0,0,0,0,0,0,Lightning,H,"c(-154.989167, 60.985278)"
AK-SWS-304597|2013|1,2013,,AK-SWS-304597,Mulchatna River,8,15,227,2013,7,28,209,0.7891377,5968,0,0,0,0,0,0,0,0,Lightning,H,"c(-155.099444, 60.734444)"
AK-SWS-304599|2013|1,2013,,AK-SWS-304599,Nuyakuk River,8,15,227,2013,7,28,209,7.86304898,7e3,0,0,0,0,0,0,0,0,Lightning,H,"c(-157.593889, 60.001389)"
AK-SWS-304617|2013|1,2013,,AK-SWS-304617,Gagaryah 2,8,15,227,2013,7,30,211,19.153788379999998,3231,0,0,0,0,0,0,0,0,Lightning,H,"c(-155.34, 61.64)"
AK-TAD-000149|2013|1,2013,,AK-TAD-000149,North Swift Fork,6,11,162,2013,6,1,152,3.2148255839999997,5441.4,0,0,0,0,0,0,0,0,Lightning,H,"c(-152.158889, 63.003889)"
AK-TAD-000308|2013|1,2013,,AK-TAD-000308,Big Salt,7,27,207,2013,6,20,171,15.476002011999999,5e3,0,0,0,0,0,0,0,0,Lightning,H,"c(-150.833333, 65.833333)"
AK-TAD-000315|2013|1,2013,,AK-TAD-000315,Ray River 2,8,28,240,2013,6,20,171,88.414987908,2500,0,0,0,0,0,0,0,0,Lightning,H,"c(-150.819167, 66.082778)"
AK-TAD-000319|2013|1,2013,,AK-TAD-000319,Kanuti River 1,7,27,208,2013,6,24,175,7.379044524,1e3,0,0,0,0,0,0,0,0,Lightning,H,"c(-150.951111, 66.346111)"
AK-TAD-000328|2013|1,2013,,AK-TAD-000328,Timber Creek,8,28,240,2013,6,20,171,13.2534665,19186,0,0,0,0,0,0,0,0,Lightning,H,"c(-151.785, 67.215278)"
AK-TAD-000332|2013|1,2013,,AK-TAD-000332,Prospect Creek,9,28,246,2013,6,20,171,259.31671851,98377,0,0,0,2,0,4,0,1,Lightning,H,"c(-150.946389, 66.808889)"
AK-TAD-000342|2013|1,2013,,AK-TAD-000342,Sulatna River,8,28,240,2013,6,21,172,192.58197368,7e3,0,0,0,0,0,0,0,0,Lightning,H,"c(-154.5, 64.5)"
AK-TAD-000348|2013|1,2013,,AK-TAD-000348,Siruk Creek,7,27,208,2013,6,21,172,82.40621018,1500,0,0,0,0,0,0,0,0,Lightning,H,"c(-153.650278, 66.745833)"
AK-TAD-000350|2013|1,2013,,AK-TAD-000350,Bear Creek,8,28,240,2013,6,21,172,17.6847782,6e3,0,0,0,0,0,0,0,0,Lightning,H,"c(-151.151111, 63.7425)"
AK-TAD-000359|2013|1,2013,,AK-TAD-000359,Moving River,9,30,246,2013,6,22,173,143.28717202,763e3,0,0,0,4,0,12,0,2,Lightning,H,"c(-151.367778, 63.908167)"
AK-TAD-000360|2013|1,2013,,AK-TAD-000360,Beaver Log Lakes,8,30,240,2013,6,22,173,261.01842314,1847258,0,0,30,146,0,1859,0,4,Lightning,H,"c(-152.2025, 64.026389)"
AK-TAD-000376|2013|1,2013,,AK-TAD-000376,Dead Fish Lake,8,30,240,2013,6,24,175,24.71417402,3500,0,0,1,0,0,0,0,0,Lightning,H,"c(-151.5875, 64.097778)"
AK-TAD-000394|2013|1,2013,,AK-TAD-000394,Sandless Lake,9,28,246,2013,6,25,176,252.19222148,1e4,0,0,0,0,0,0,0,0,Lightning,H,"c(-150.632222, 63.988889)"
AK-TAD-000429|2013|1,2013,,AK-TAD-000429,Toklat River East,8,28,240,2013,6,26,177,134.67545393999998,125769,0,0,0,4,0,4,0,1,Lightning,H,"c(-150.149722, 63.699167)"
AK-TAD-000430|2013|1,2013,,AK-TAD-000430,Wigand Creek,7,26,207,2013,6,26,177,4.81981026,2e3,0,0,0,0,0,0,0,0,Lightning,H,"c(-150.183333, 63.831111)"
AK-TAD-000454|2013|1,2013,,AK-TAD-000454,Titna,7,27,208,2013,6,27,178,19.96720724,2500,0,0,0,0,0,0,0,0,Lightning,H,"c(-153.036389, 64.302778)"
AK-TAD-000466|2013|1,2013,,AK-TAD-000466,McKinley River East,10,28,294,2013,6,28,179,17.974533376000004,3e3,0,0,0,0,0,0,0,0,Lightning,H,"c(-151.351667, 63.567222)"
AK-TAD-000518|2013|1,2013,,AK-TAD-000518,Castle Rock,9,28,246,2013,7,6,187,49.877549499999994,5e3,0,0,0,0,0,0,0,0,Lightning,H,"c(-152.100833, 63.476667)"
AK-TAD-000538|2013|1,2013,,AK-TAD-000538,West Fork,8,28,240,2013,7,13,194,9.307777999999999,72034,0,0,0,8,0,16,0,1,Lightning,H,"c(-154.138333, 65.435278)"
AK-TAD-000654|2013|1,2013,,AK-TAD-000654,Chitanana,9,28,246,2013,8,3,215,12.444094499999999,5e3,0,0,0,0,0,0,0,0,Lightning,H,"c(-152.443611, 64.655556)"
AK-TAD-00377|2013|1,2013,,AK-TAD-00377,Little Mud,9,28,246,2013,6,24,175,122.81936819799999,50068,0,0,1,4,0,8,0,2,Lightning,H,"c(-154.169167, 64.616111)"
AK-TAS-313137|2013|1,2013,,AK-TAS-313137,Bitter Creek,6,31,162,2013,5,31,151,9.307777999999999,2e6,0,0,9,173,0,1904,0,6,Lightning,H,"c(-141.961389, 63.174722)"
AK-TAS-313145|2013|1,2013,,AK-TAS-313145,Chisana River,10,29,296,2013,5,31,151,190.20242,225e4,0,0,0,29,0,218,0,5,Lightning,H,"c(-141.413889, 63.510278)"
AK-TAS-313357|2013|1,2013,,AK-TAS-313357,Billy Creek,9,29,269,2013,6,22,173,54.15912738,1e4,0,0,0,0,0,0,0,0,Lightning,H,"c(-143.726667, 63.8525)"
AK-TAS-313401|2013|1,2013,,AK-TAS-313401,Moon Lake,9,31,269,2013,6,25,176,105.69184261999999,7125494,0,0,0,390,0,8844,0,10,Lightning,H,"c(-143.699444, 63.428333)"
AK-TAS-313414|2013|1,2013,,AK-TAS-313414,Tetlin Jct. Ridge,10,31,295,2013,6,25,176,103.19493,30938737,0,0,0,274,0,3482,0,9,Lightning,H,"c(-142.445, 63.285833)"
AK-TAS-313449|2013|1,2013,,AK-TAS-313449,Big Timber Creek,9,29,269,2013,6,27,178,34.87179262,5e4,0,0,0,0,0,0,0,0,Lightning,H,"c(-141.695278, 63.765833)"
AK-TAS-313486|2013|1,2013,,AK-TAS-313486,Ladue Fork,9,29,269,2013,6,25,176,34.87179262,2e4,0,0,0,0,0,0,0,0,Lightning,H,"c(-141.523611, 63.404722)"
AK-UYD-000197|2013|1,2013,,AK-UYD-000197,Beaver Meadow,6,12,163,2013,6,8,159,0.114121452,405e3,0,0,8,35,0,154,0,1,Human,H,"c(-145.134722, 66.575)"
AK-UYD-000245|2013|1,2013,,AK-UYD-000245,North Fork Chandalar,6,20,171,2013,6,16,167,0.1416401,491073,0,0,0,35,0,136,0,1,Human,H,"c(-146.301667, 66.998056)"
AK-UYD-000280|2013|1,2013,,AK-UYD-000280,Stuart Creek #2,6,26,177,2013,6,25,176,1.6187440000000002,5e5,0,0,0,8,0,10,0,2,Human,H,"c(-146.466667, 64.7)"
AK-UYD-000299|2013|1,2013,,AK-UYD-000299,Otter Creek,7,30,211,2013,6,20,171,0.6474976,31e4,0,0,0,24,0,67,0,1,Lightning,H,"c(-146.198333, 67.468611)"
AK-UYD-000302|2013|1,2013,,AK-UYD-000302,Timber Creek,7,27,192,2013,6,20,171,0.433823392,132284,0,0,0,19,0,38,0,1,Lightning,H,"c(-145.558056, 67.4525)"
AK-UYD-000310|2013|1,2013,,AK-UYD-000310,Nation River,8,28,240,2013,6,20,171,52.609179999999995,2e4,0,0,0,0,0,0,0,0,Lightning,H,"c(-141.522333, 65.397806)"
AK-UYD-000370|2013|1,2013,,AK-UYD-000370,Chandalar,8,28,240,2013,6,23,174,62.840856138,2e4,0,0,0,0,0,0,0,0,Lightning,H,"c(-147.333056, 67.0375)"
AK-UYD-000378|2013|1,2013,,AK-UYD-000378,Three Lakes,7,27,194,2013,6,24,175,0.012140580000000002,93125,0,0,0,11,0,43,0,2,Lightning,H,"c(-145.748611, 66.1925)"
AK-UYD-000462|2013|1,2013,,AK-UYD-000462,Shoulder Mountain,7,28,205,2013,6,28,179,1.011715,9e4,0,0,0,0,0,0,0,0,Lightning,H,"c(-143.536667, 67.863333)"
AK-UYD-000469|2013|1,2013,,AK-UYD-000469,North Porcupine,8,30,240,2013,6,29,180,95.36830276,5e5,0,0,17,26,0,80,0,2,Lightning,H,"c(-142.093056, 67.186944)"
AK-UYD-000475|2013|1,2013,,AK-UYD-000475,Joint Lake,8,25,232,2013,6,29,180,17.6847782,228541,0,0,0,48,0,351,0,3,Lightning,H,"c(-145.276944, 67.219444)"
AK-UYD-000495|2013|1,2013,,AK-UYD-000495,DISCOVERY CREEK,8,28,240,2013,7,1,182,54.52658226799999,105603,0,0,0,4,0,4,0,1,Lightning,H,"c(-145.683333, 65.966667)"
AK-UYD-000498|2013|1,2013,,AK-UYD-000498,Bull Creek #2,7,24,205,2013,7,2,183,2.52524064,10500,0,0,0,0,0,0,0,0,Lightning,H,"c(-141.358889, 65.949722)"
AK-UYD-000506|2013|1,2013,,AK-UYD-000506,Birch Creek,8,25,234,2013,7,3,184,107.21750884,24e5,0,0,60,233,0,2906,0,7,Lightning,H,"c(-144.3, 66.377778)"
AK-UYD-000550|2013|1,2013,,AK-UYD-000550,Koness,7,24,205,2013,7,15,196,5.755848978,2e3,0,0,0,0,0,0,0,0,Lightning,H,"c(-144.116667, 67.983333)"
AK-UYD-000551|2013|1,2013,,AK-UYD-000551,Big Fish Lake,7,24,205,2013,7,15,196,4.3074777840000005,23611,0,0,0,0,0,0,0,0,Lightning,H,"c(-144.05, 67.983333)"
AK-UYD-000588|2013|1,2013,,AK-UYD-000588,Twin Lakes,8,31,218,2013,7,27,208,0.20638986,379988,0,0,0,42,0,230,0,1,Lightning,H,"c(-147.278056, 66.211944)"
AK-UYD-000652|2013|1,2013,,AK-UYD-000652,Beaverdam Lake,8,10,222,2013,8,3,215,0.07284348,129877,0,0,0,22,0,154,0,1,Lightning,H,"c(-147.731111, 66.181111)"
AK-UYD-000661|2013|1,2013,,AK-UYD-000661,Crater Creek,8,18,230,2013,8,4,216,6.61256924,1790216,0,0,0,121,0,1222,0,3,Human,H,"c(-146.956667, 67.125278)"
AK-UYD-326|2013|1,2013,,AK-UYD-326,Marten Creek,7,27,192,2013,6,20,171,3.04323872,523e3,0,0,0,41,0,159,0,1,Lightning,H,"c(-145.631667, 67.394722)"
AL-ALS-0001|2002|1,2002,AL,AL-ALS-0001,YTD mid-june,6,25,176,2002,6,25,176,0,0,0,23,829,0,0,0,0,0,Human,NF,"c(0, 0)"
AL-ALS-0002|2002|1,2002,AL,AL-ALS-0002,SUM July,8,1,213,2002,6,15,166,0,0,0,1,13,0,0,0,0,0,Human,NF,"c(0, 0)"
AL-ALS-05YTD919|2005|1,2005,AL,AL-ALS-05YTD919,Year to date,9,19,262,2005,9,19,262,0,0,0,16,725,0,0,0,0,0,Unk,L,"c(0, 0)"
AL-ALS-061215|2006|1,2006,AL,AL-ALS-061215,End of Year,12,13,347,2006,12,13,347,0.40468600000000005,0,0,18,900,0,0,0,0,0,Human,L,"c(0, 0)"
AL-ALS-2003-03|2003|1,2003,AL,AL-ALS-2003-03,May/June/July,10,2,275,2003,10,2,275,0,0,0,1,0,0,0,0,0,0,Unk,L,"c(0, 0)"
AR-BUP-000601|2006|1,2006,AR,AR-BUP-000601,AR Park Group Severity,1,19,19,2005,11,10,314,10.72822586,316e3,0,0,0,46,0,213,0,3,Unk,L,"c(0, 0)"
AZ-CNF-000430|2013|1,2013,,AZ-CNF-000430,W2,7,30,190,2013,6,28,179,3.035145,13e4,0,0,0,133,0,390,0,3,Unk,H,"c(-110.716944, 31.333333)"
BTU 13309|2002|1,2002,CA,BTU 13309,RIDGE,11,7,311,2002,11,6,310,0.0404686,0,0,1,10,109,0,109,0,4,Unk,,"c(0, 0)"
CA-BDC-14267|2002|1,2002,CA,CA-BDC-14267,HELENDALE,5,11,131,2002,5,9,129,0.1618744,0,0,0,0,101,0,101,0,4,Unk,,"c(0, 0)"
CA-BDC-21652|2001|1,2001,CA,CA-BDC-21652,Cypress,7,18,199,2001,7,18,199,0.20234300000000002,0,0,0,0,100,0,100,0,3,Unk,,"c(0, 0)"
CA-BDC-3906|2003|1,2003,CA,CA-BDC-3906,Jordan,2,7,38,2003,2,4,35,0.0202343,0,0,0,0,34,9,49,18,3,Unk,,"c(0, 0)"
CA-BDC-48105|2006|1,2006,CA,CA-BDC-48105,Citrus,12,30,364,2006,12,4,338,2.1246015,0,0,0,500,160,0,320,0,4,Unk,,"c(0, 0)"
CA-BDU-006942|2006|1,2006,CA,CA-BDU-006942,MESA,7,5,186,2006,7,4,185,0.20234300000000002,0,0,0,0,0,3,0,4,0,Unk,,"c(0, 0)"
CA-BDU-010450|2005|1,2005,CA,CA-BDU-010450,HATCHERY,9,30,273,2005,9,28,271,1.011715,117e3,0,0,0,214,0,284,0,3,Unk,,"c(0, 0)"
CA-BDU-4544|2003|1,2003,CA,CA-BDU-4544,COTTONWOOD,5,20,140,2003,5,18,138,0.00404686,0,0,0,0,0,0,0,0,0,Unk,,"c(0, 0)"
CA-BTU-007587|2008|1,2008,CA,CA-BTU-007587,BTU Lightning Support,6,23,175,2008,6,21,173,4.856232,0,0,0,200,168,2,352,4,4,Lightning,M,"c(0, 0)"
ca-cdf-009|2001|1,2001,CA,ca-cdf-009,,7,18,199,2001,7,18,199,0,0,0,0,0,0,0,0,0,0,Lightning,NF,"c(0, 0)"
CA-CZU-6430|2001|1,2001,CA,CA-CZU-6430,Portola,10,19,292,2001,10,14,287,0.21853044000000002,2e4,0,0,0,150,0,276,0,1,Unk,,"c(0, 0)"
CA-CZU-7213|2006|1,2006,CA,CA-CZU-7213,Huddart,9,28,271,2006,9,25,268,0.01618744,5e4,0,0,0,67,0,134,0,2,Unk,,"c(0, 0)"
CA-KRN-35857|2003|1,2003,CA,CA-KRN-35857,Pump,7,8,189,2003,7,7,188,3.02300442,0,0,0,0,7,0,7,0,1,Unk,,"c(0, 0)"
CA-LAC-10146126|2010|1,2010,CA,CA-LAC-10146126,ECHO LAKE,7,3,184,2010,7,1,182,0.08903092,425e3,0,0,0,127,0,341,0,1,Unk,NF,"c(-118.416667, 32.405)"
CA-LAC-102481|2007|1,2007,CA,CA-LAC-102481,ISLAND,5,15,135,2007,5,10,130,19.222585,51e5,0,1,700,771,2,5171,3,6,Unk,M,"c(-118.426111, 33.478889)"
CA-LAC-170524|2001|1,2001,CA,CA-LAC-170524,SLOAN,8,28,240,2e3,8,27,240,8.008735940000001,782e3,0,1,100,372,0,445,0,4,Unk,,"c(0, 0)"
CA-LMU-001954|2004|1,2004,CA,CA-LMU-001954,LMU LIGHTNING PLAN,7,30,186,2004,6,27,179,0.18615555999999997,0,0,0,0,209,2,2088,17,3,Lightning,NF,"c(0, 0)"
CA-LMU-002111|2003|1,2003,CA,CA-LMU-002111,LMU LIGHTNING PLAN,7,28,209,2003,7,20,201,0,0,0,0,0,554,1,1813,4,3,Lightning,NF,"c(0, 0)"
CA-LMU-002213|2002|1,2002,CA,CA-LMU-002213,LIGHTNING SERIES,7,20,201,2002,7,18,199,0.0809372,25e4,0,0,0,121,1,408,2,2,Lightning,NF,"c(0, 0)"
CA-LMU-2417|2003|1,2003,CA,CA-LMU-2417,LIGHTNING PLAN,8,31,214,2003,7,30,211,0,0,0,0,0,518,1,815,2,4,Lightning,NF,"c(0, 0)"
CA-LMU-3707|2006|1,2006,CA,CA-LMU-3707,HONEY,8,29,241,2006,8,24,236,0.8336531599999999,1e6,0,2,50,211,3,285,3,5,Human,NF,"c(0, 0)"
CA-LNU-004149|2005|1,2005,CA,CA-LNU-004149,Markley,7,7,188,2005,7,6,187,0.40468600000000005,0,0,0,0,325,0,409,0,3,Unk,,"c(0, 0)"
CA-LNU-4575|2002|1,2002,CA,CA-LNU-4575,GEYSERS,6,29,180,2002,6,28,179,0.0202343,64302,0,0,0,11,0,18,0,1,Unk,,"c(0, 0)"
CA-MEU-05277|2001|1,2001,CA,CA-MEU-05277,FITCH,7,21,202,2001,7,20,201,0.028328020000000002,0,0,3,10,121,0,121,0,2,Unk,,"c(0, 0)"
CA-MEU-6258|2001|1,2001,CA,CA-MEU-6258,Medicine,8,20,232,2001,8,19,231,0.27923334,0,0,2,0,0,0,0,0,0,Unk,,"c(0, 0)"
CA-MMU-008057|2003|1,2003,CA,CA-MMU-008057,AVE 7,5,20,140,2003,5,19,139,0.5058575,0,0,0,0,70,0,70,0,2,Unk,,"c(0, 0)"
CA-MMU-9021|2003|1,2003,CA,CA-MMU-9021,MC NAMERA,6,2,153,2003,6,2,153,2.630459,15e3,0,1,0,23,0,23,0,2,Unk,,"c(-13, 13.133333)"
CA-MRN-2428|2008|1,2008,CA,CA-MRN-2428,ANGEL,10,16,290,2008,10,12,286,1.6187440000000002,85e4,0,0,0,333,1,1334,3,4,Unk,H,"c(-122.4375, 37.874444)"
CA-MSM-000001|2005|1,2005,CA,CA-MSM-000001,SHOTHOLE,8,17,229,2005,8,17,229,1.416401,0,0,0,0,81,0,81,0,2,Unk,,"c(0, 0)"
CA-MVU-00000|2003|1,2003,CA,CA-MVU-00000,,9,19,262,2003,9,19,262,0,0,0,0,0,0,0,0,0,0,Unk,,"c(0, 0)"
CA-MVU-01316|2002|1,2002,CA,CA-MVU-01316,SUTHERLAND,2,25,56,2002,2,21,52,0.00809372,0,0,0,0,108,0,108,0,3,Unk,,"c(0, 0)"
CA-MVU-4134|2003|1,2003,CA,CA-MVU-4134,SYCAMORE,6,20,171,2003,6,17,168,2.1043672,374e3,0,0,0,375,2,961,5,4,Human,NF,"c(0, 0)"
CA-MVU-5394|2006|1,2006,CA,CA-MVU-5394,Baja California-Mexico,6,24,175,2006,6,24,175,16.18744,0,0,0,0,408,0,2794,0,2,Unk,,"c(-115.316667, 30.866667)"
CA-MVU-5902|2003|1,2003,CA,CA-MVU-5902,OTAY,8,14,226,2003,8,13,225,0.43301401999999994,0,0,0,0,138,1,264,1,4,Unk,,"c(0, 0)"
CA-NEU 19733|2001|1,2001,CA,CA-NEU 19733,Farad,11,13,317,2001,11,10,314,0.607029,4e4,0,0,0,100,0,100,0,2,Unk,,"c(0, 0)"
CA-RRU-020299|2002|1,2002,CA,CA-RRU-020299,CAJALCO,3,19,78,2002,3,17,76,2.3269444999999997,0,0,0,0,75,0,150,0,4,Unk,,"c(0, 0)"
CA-RRU-051300|2003|1,2003,CA,CA-RRU-051300,Mine,7,6,187,2003,7,5,186,0.46134203999999995,0,0,0,4,130,2,130,2,2,Unk,,"c(0, 0)"
CA-RRU-067256|2001|1,2001,CA,CA-RRU-067256,Greenriver,9,30,273,2001,9,27,270,0.3035145,0,0,0,30,345,2,345,2,3,Unk,,"c(0, 0)"
CA-RRU-33134|2005|1,2005,CA,CA-RRU-33134,Knoll,4,20,110,2005,4,19,109,0.1618744,0,0,0,15,200,0,306,0,2,Unk,,"c(0, 0)"
CA-RRU-47513|2005|1,2005,CA,CA-RRU-47513,WHITEWATER,6,7,158,2005,6,7,158,0.04451546,0,0,0,0,23,0,23,0,3,Unk,,"c(0, 0)"
CA-RRU-55729|2002|1,2002,CA,CA-RRU-55729,HIGHWAY,7,30,211,2002,7,29,210,0.0404686,0,0,0,15,83,0,83,0,2,Unk,,"c(0, 0)"
CA-RRU-55745|2002|1,2002,CA,CA-RRU-55745,MONROE,7,31,212,2002,7,29,210,0.00404686,0,0,0,0,9,0,9,0,1,Unk,,"c(0, 0)"
CA-RRU-55755|2002|1,2002,CA,CA-RRU-55755,POLK,7,31,212,2002,7,29,210,0.00404686,0,0,0,0,20,0,20,0,2,Unk,,"c(0, 0)"
CA-RRU-57787|2001|1,2001,CA,CA-RRU-57787,SHADY,8,20,232,2001,8,20,232,0.1416401,0,0,0,15,49,0,49,0,2,Unk,,"c(0, 0)"
CA-RRU-75444|2003|1,2003,CA,CA-RRU-75444,HOLLAND,9,30,273,2003,9,30,273,0.42896716,0,0,0,0,0,0,0,0,0,Unk,,"c(0, 0)"
CA-SBC-5761|2003|1,2003,CA,CA-SBC-5761,CEBADA,8,23,235,2003,8,23,235,0.04451546,0,0,0,0,105,1,213,2,5,Unk,,"c(0, 0)"
CA-SCU-0003241|2002|1,2002,CA,CA-SCU-0003241,Casa Loma,8,10,222,2002,8,8,220,0.11331208000000001,19e4,0,1,16,185,0,185,0,3,Unk,,"c(0, 0)"
CA-SCU-001791|2003|1,2003,CA,CA-SCU-001791,BIRD,6,3,154,2003,6,1,152,27.53483544,48e3,0,0,0,54,0,57,0,1,Unk,,"c(0, 0)"
CA-SCU-003485|2004|1,2004,CA,CA-SCU-003485,FREEWAY,6,28,180,2004,6,25,177,1.11693336,0,0,3,0,114,2,262,6,2,Unk,,"c(0, 0)"
CA-SCU-003508|2002|1,2002,CA,CA-SCU-003508,Chabot,8,21,233,2002,8,20,232,0.1416401,0,0,0,0,180,0,235,0,3,Unk,,"c(0, 0)"
CA-SCU-03376|2001|1,2001,CA,CA-SCU-03376,Del Valle,8,11,223,2001,8,8,220,0.46538890000000005,721349,0,0,0,460,0,536,0,2,Unk,,"c(0, 0)"
CA-SCU-2264|2003|1,2003,CA,CA-SCU-2264,MORGAN,7,27,182,2003,6,27,178,0.7082005,0,0,0,25,199,0,289,0,2,Unk,,"c(0, 0)"
CA-SCU-3081|2004|1,2004,CA,CA-SCU-3081,Nortonville,6,16,168,2004,6,4,156,0.7284348,0,0,0,0,95,0,190,0,2,Unk,,"c(0, 0)"
CA-SCU-3482|2001|1,2001,CA,CA-SCU-3482,LLagas,8,15,227,2001,8,13,225,0.01618744,0,0,0,0,63,0,189,0,3,Unk,,"c(0, 0)"
CA-SCU-4423|2001|1,2001,CA,CA-SCU-4423,Hicks,10,3,276,2001,10,1,274,0.12949952,0,0,0,0,8,0,8,0,3,Unk,,"c(0, 0)"
CA-SCU-4429|2001|1,2001,CA,CA-SCU-4429,San Ignacio,10,3,276,2001,10,1,274,0.24281160000000002,0,0,0,0,67,0,67,0,2,Unk,,"c(0, 0)"
CA-SKU-002088|2005|1,2005,CA,CA-SKU-002088,SKU Lightning Series,5,29,149,2005,5,28,148,0.0404686,31900,0,0,0,92,0,168,0,2,Lightning,NF,"c(0, 0)"
CA-SKU-002538|2004|1,2004,CA,CA-SKU-002538,LIGHTNING,7,30,187,2004,6,28,180,0.8498406000000001,458e3,0,0,0,192,0,788,0,1,Lightning,NF,"c(0, 0)"
CA-SKU-002865|2006|1,2006,CA,CA-SKU-002865,June SKU Lightning,7,30,184,2006,6,26,177,0.19424928000000002,362847,0,0,0,152,0,1067,0,3,Lightning,NF,"c(0, 0)"
CA-SKU-003072|2003|1,2003,CA,CA-SKU-003072,Lightning Cover,7,28,209,2003,7,23,204,0.11331208000000001,672115,0,0,0,148,1,1049,4,2,Lightning,NF,"c(0, 0)"
CA-SKU-003390|2005|1,2005,CA,CA-SKU-003390,SKU Lightning Cover,8,31,215,2005,7,29,210,0.1618744,539e3,0,0,0,312,0,1038,0,2,Lightning,NF,"c(0, 0)"
CA-SKU-003421|2006|1,2006,CA,CA-SKU-003421,July Lightning,7,29,210,2006,7,23,204,0.028328020000000002,361e3,0,0,0,122,0,217,0,1,Lightning,NF,"c(0, 0)"
CA-SKU-003583|2006|1,2006,CA,CA-SKU-003583,HOY,8,29,213,2006,8,29,213,5.19212138,632e3,0,0,0,173,0,582,0,4,Unk,,"c(0, 0)"
CA-SKU-003799|2006|1,2006,CA,CA-SKU-003799,SKU August #1 Lightning,8,11,223,2006,8,6,218,0.12140580000000001,608e3,0,0,0,198,0,290,0,3,Lightning,NF,"c(0, 0)"
CA-SKU-003866|2003|1,2003,CA,CA-SKU-003866,SKU LIGHTNING,9,31,245,2003,8,28,240,0.03237488,73417,0,0,0,38,1,134,2,2,Lightning,NF,"c(0, 0)"
CA-SKU-003991|2003|1,2003,CA,CA-SKU-003991,SKU LIGHTNING,9,7,250,2003,9,4,247,0.01618744,36580,0,0,0,16,0,35,0,1,Lightning,NF,"c(0, 0)"
CA-SLU-3367|2001|1,2001,CA,CA-SLU-3367,Deer,7,27,208,2001,7,27,208,0.12140580000000001,0,0,0,0,144,0,144,0,3,Unk,,"c(0, 0)"
CA-SMG-40807|2004|1,2004,CA,CA-SMG-40807,FURY,9,4,248,2004,9,4,248,0.3035145,0,0,0,200,240,1,244,1,3,Unk,,"c(0, 0)"
CA-SND-2011003|2002|1,2002,CA,CA-SND-2011003,Sorrento Valley Fire,2,10,41,2002,2,9,40,0.42896716,0,0,0,0,0,0,0,0,3,Unk,,"c(0, 0)"
CA-SND-FS06060435|2006|1,2006,CA,CA-SND-FS06060435,PARK VILLAGE,8,10,222,2006,7,6,187,0.08903092,0,0,0,0,0,0,0,0,0,Unk,,"c(0, 0)"
CA-SQF-1423|2002|1,2002,CA,CA-SQF-1423,POWERHOUSE,7,7,188,2002,7,4,185,0.24281160000000002,0,0,0,0,285,0,741,0,5,Unk,,"c(0, 0)"
CA-TCU-005378|2001|1,2001,CA,CA-TCU-005378,SWISS,8,27,220,2001,7,27,208,0,0,0,0,0,0,0,0,0,0,Unk,,"c(0, 38.1)"
CA-TCU-6616|2003|1,2003,CA,CA-TCU-6616,SEE TCU-6612,8,31,243,2003,8,31,243,0.40468600000000005,0,0,0,0,199,2,199,2,3,Unk,,"c(0, 0)"
CA-TGU-004575|2003|1,2003,CA,CA-TGU-004575,CLARK,7,30,211,2003,7,28,209,0.42087344000000004,16e4,0,0,0,222,2,272,2,3,Lightning,NF,"c(0, 0)"
CA-TGU-04446|2003|1,2003,CA,CA-TGU-04446,TGU LIGHTNING,7,24,205,2003,7,24,205,0.3237488,0,0,0,0,76,1,152,2,2,Lightning,NF,"c(0, 0)"
CA-TUU-0005598|2002|1,2002,CA,CA-TUU-0005598,OAT,6,5,156,2002,6,5,156,0.012140580000000002,0,0,0,0,51,0,51,0,2,Unk,,"c(0, 0)"
CA-TUU-006924|2004|1,2004,CA,CA-TUU-006924,Globe,6,20,172,2004,6,19,171,0.607029,0,0,0,0,63,1,126,2,2,Unk,,"c(0, 0)"
CA-VNC-0204822|2002|1,2002,CA,CA-VNC-0204822,"PACIFIC, INC.",7,4,185,2002,7,4,185,0.0809372,0,0,0,1,236,0,236,0,3,Unk,,"c(0, 0)"
CO-RGF-0385|2002|1,2002,CO,CO-RGF-0385,Rio Grande Complex,6,8,159,2002,6,4,155,0.7891377,65e4,0,0,4,259,0,506,0,8,Lightning,NF,"c(0, 0)"
FL-FLS-2006-15-0497|2006|1,2006,FL,FL-FLS-2006-15-0497,RILEY CHASE ROAD,6,26,177,2006,6,22,173,0.51395122,800,0,0,0,5,0,10,0,1,Lightning,NF,"c(0, 0)"
FL-FLS-2008-05-0051|2008|1,2008,FL,FL-FLS-2008-05-0051,LOST DOG FIRE,2,16,47,2008,2,10,41,1.011715,0,0,0,0,18,0,63,0,1,Human,NF,"c(0, 0)"
FL-FLS-D18-96|2002|1,2002,FL,FL-FLS-D18-96,Crocodile Fire,4,18,108,2002,4,18,108,0.8093720000000001,0,0,0,0,7,0,7,0,1,Unk,,"c(0, 0)"
FL-FLS-MISC1|2002|1,2002,FL,FL-FLS-MISC1,ABC MISC,6,18,169,2002,1,1,1,0,0,0,12,1186,0,0,0,0,0,Unk,,"c(0, 0)"
GA-CHF-01116|2001|1,2001,GA,GA-CHF-01116,Chatahoochee Fire Support,11,22,326,2001,11,16,320,5.01001268,1193e3,0,0,0,192,0,933,0,7,Human,NF,"c(0, 0)"
GA-GAS-AUGFIRE|2002|1,2002,GA,GA-GAS-AUGFIRE,AugFires,8,31,243,2002,8,1,213,0,0,0,0,0,0,0,0,0,0,Human,NF,"c(0, 0)"
GA-GAS-MISC1|2002|1,2002,GA,GA-GAS-MISC1,Apr-Jun,8,14,226,2002,4,1,91,0,0,0,18,174,0,0,0,0,0,Human,NF,"c(0, 0)"
KY-DBF-02042|2001|1,2001,KY,KY-DBF-02042,Redbird Fall Fires,11,23,327,2001,10,28,301,64.21962133999999,7474434,0,0,300,603,2,1439,8,9,Human,NF,"c(0, 0)"
MD-MDS-05-4015|2005|1,2005,MD,MD-MDS-05-4015,MDS Fire #2,6,29,180,2005,6,8,159,0.00404686,0,0,0,0,0,0,0,0,0,Unk,,"c(0, 0)"
MD-MDS-05-4016|2005|1,2005,MD,MD-MDS-05-4016,MDS Fire #3,6,29,180,2005,6,8,159,0.00404686,0,0,0,0,0,0,0,0,0,Unk,,"c(0, 0)"
MD-MDS-05-4017|2005|1,2005,MD,MD-MDS-05-4017,MDS Fire#4,6,29,180,2005,6,8,159,0.00404686,0,0,0,0,0,0,0,0,0,Unk,,"c(0, 0)"
MD-MDS-05-4018|2005|1,2005,MD,MD-MDS-05-4018,MDS Fire #5,6,29,180,2005,6,8,159,0.00404686,0,0,0,0,0,0,0,0,0,Unk,,"c(0, 0)"
MD-MDS-05-4019|2005|1,2005,MD,MD-MDS-05-4019,MDS Fire #6,6,29,180,2005,6,8,159,0.00404686,0,0,0,0,0,0,0,0,0,Unk,,"c(0, 0)"
MI-HIF-003|2003|1,2003,MI,MI-HIF-003,East Lakle Fire,5,29,121,2003,4,28,118,0.060702900000000004,3e3,0,1,2,17,0,34,0,3,Unk,,"c(0, 0)"
MI-MIS-001042001|2006|1,2006,MI,MI-MIS-001042001,Keystone,8,7,219,2006,8,3,215,0.42896716,0,0,0,0,0,0,0,0,0,Lightning,H,"c(-87.750833, 47.400833)"
MI-MIS-004|2005|1,2005,MI,MI-MIS-004,Antrim #006,6,29,180,2005,6,7,158,0.09307777999999998,0,0,1,0,0,0,0,0,0,Unk,,"c(0, 0)"
MI-MIS-005|2005|1,2005,MI,MI-MIS-005,Arenac #006,6,29,180,2005,6,7,158,0.00404686,0,0,0,0,0,0,0,0,0,Unk,,"c(0, 0)"
MI-MIS-006|2005|1,2005,MI,MI-MIS-006,Benzie #002,6,28,179,2005,6,7,158,0.0202343,0,0,0,0,0,0,0,0,0,Unk,,"c(0, 0)"
MI-MIS-007|2005|1,2005,MI,MI-MIS-007,Charlevoix #003,6,28,179,2005,6,7,158,0.00809372,0,0,0,0,0,0,0,0,0,Unk,,"c(0, 0)"
MI-MIS-008|2005|1,2005,MI,MI-MIS-008,Chippewa #008,6,28,179,2005,6,28,179,0.01618744,0,0,1,0,0,0,0,0,0,Unk,,"c(0, 0)"
MI-MIS-009|2005|1,2005,MI,MI-MIS-009,Clare #010,6,28,179,2005,6,7,158,0.00404686,0,0,0,0,0,0,0,0,0,Unk,,"c(0, 0)"
MI-MIS-010|2005|1,2005,MI,MI-MIS-010,Clare #006,6,28,179,2005,6,28,179,0.00404686,0,0,0,0,0,0,0,0,0,Unk,,"c(0, 0)"
MI-MIS-011|2005|1,2005,MI,MI-MIS-011,Delta #002,6,28,179,2005,6,28,179,0.024281160000000003,0,0,1,0,0,0,0,0,0,Unk,,"c(0, 0)"
MI-MIS-012|2005|1,2005,MI,MI-MIS-012,Lake #001,6,28,179,2005,6,28,179,0.00404686,0,0,0,0,0,0,0,0,0,Unk,,"c(0, 0)"
MI-MIS-013|2005|1,2005,MI,MI-MIS-013,Mackinac #001,6,28,179,2005,6,7,158,0.00404686,0,0,0,0,0,0,0,0,0,Unk,,"c(0, 0)"
MI-MIS-014|2005|1,2005,MI,MI-MIS-014,Marquette #002,6,29,180,2005,6,7,158,0.00404686,0,0,0,0,0,0,0,0,0,Unk,,"c(0, 0)"
MI-MIS-015|2005|1,2005,MI,MI-MIS-015,Mecosta #003,6,29,180,2005,6,7,158,0.00404686,0,0,0,0,0,0,0,0,0,Unk,,"c(0, 0)"
MI-MIS-016|2005|1,2005,MI,MI-MIS-016,Menominee #009,6,29,180,2005,6,7,158,0.00404686,0,0,0,0,0,0,0,0,0,Unk,,"c(0, 0)"
MI-MIS-017|2005|1,2005,MI,MI-MIS-017,Montmorency #001,6,29,180,2005,6,7,158,0.00404686,0,0,0,0,0,0,0,0,0,Unk,,"c(0, 0)"
MI-MIS-018|2005|1,2005,MI,MI-MIS-018,Oceana #006,6,29,180,2005,6,7,158,0.06879662,0,0,2,0,0,0,0,0,0,Unk,,"c(0, 0)"
MI-MIS-019|2005|1,2005,MI,MI-MIS-019,Osceola #005,6,29,180,2005,6,7,158,0.00809372,0,0,0,0,0,0,0,0,0,Unk,,"c(0, 0)"
MI-MIS-020|2005|1,2005,MI,MI-MIS-020,Oseola #012,6,29,180,2005,6,7,158,0.028328020000000002,0,0,0,0,0,0,0,0,0,Unk,,"c(0, 0)"
MI-MIS-021|2005|1,2005,MI,MI-MIS-021,Osceola #008,6,29,180,2005,6,7,158,0.00404686,0,0,0,0,0,0,0,0,0,Unk,,"c(0, 0)"
MI-MIS-022|2005|1,2005,MI,MI-MIS-022,Oscoda #001,6,29,180,2005,6,7,158,0.20234300000000002,0,0,0,0,0,0,0,0,0,Unk,,"c(0, 0)"
MN-MNS-14204307|2007|1,2007,MN,MN-MNS-14204307,Molly Lake Fire,5,1,121,2007,5,1,121,0.012140580000000002,0,0,0,0,0,0,0,0,0,Unk,,"c(0, 0)"
MN-MNS-31420430|2006|1,2006,MN,MN-MNS-31420430,Lake Hubert,4,13,103,2006,4,12,102,0.00404686,0,0,2,0,0,0,0,0,0,Unk,,"c(0, 0)"
MO-MOS-000066|2004|1,2004,MO,MO-MOS-000066,SKINNER,4,8,99,2004,4,8,99,0.67177876,0,0,0,3,9,0,9,0,2,Human,NF,"c(0, 0)"
MS-GBR-00H|2005|1,2005,MS,MS-GBR-00H,GRAND BAY,9,24,267,2005,9,17,260,4.04686,0,0,0,0,28,0,28,0,3,Unk,,"c(0, 0)"
MS-MSS-00204|2006|1,2006,MS,MS-MSS-00204,DUCAN'S FIRE,3,7,66,2006,1,19,19,0.01618744,0,0,1,0,5,0,5,0,2,Human,NF,"c(0, 0)"
MS-MSS-00205|2006|1,2006,MS,MS-MSS-00205,BRUSHY CREEK FIRE,3,8,67,2006,2,9,40,0.607029,0,0,0,0,17,0,22,0,2,Human,NF,"c(0, 0)"
MS-MSS-00206|2006|1,2006,MS,MS-MSS-00206,SMITH LANE FIRE,3,7,66,2006,2,14,45,0.00809372,0,0,0,0,5,0,5,0,2,Human,NF,"c(0, 0)"
MS-MSS-00207|2006|1,2006,MS,MS-MSS-00207,ENTRICAN FIRE,3,7,66,2006,2,14,45,0.5058575,0,0,0,0,5,0,5,0,1,Human,NF,"c(0, 0)"
MS-MSS-00208|2006|1,2006,MS,MS-MSS-00208,WOODS CREEK FIRE,3,7,66,2006,2,15,46,0.0404686,0,0,0,0,5,0,5,0,2,Human,NF,"c(0, 0)"
MS-MSS-00208A|2006|1,2006,MS,MS-MSS-00208A,KINGS FIRE,3,7,66,2006,2,16,47,0.7284348,0,0,0,0,11,0,11,0,2,Human,NF,"c(0, 0)"
MS-MSS-00210|2006|1,2006,MS,MS-MSS-00210,COUNTY LINE FIRE,3,7,66,2006,2,22,53,0.46538890000000005,0,0,0,0,15,0,15,0,2,Human,NF,"c(0, 0)"
MS-MSS-00211|2006|1,2006,MS,MS-MSS-00211,LOST FIRE,3,8,67,2006,2,24,55,0.6636850400000001,0,0,0,0,3,0,3,0,1,Human,NF,"c(0, 0)"
MS-MSS-00213|2006|1,2006,MS,MS-MSS-00213,PIG BRANCH FIRE,3,8,67,2006,2,26,57,1.214058,0,0,0,0,11,0,11,0,2,Human,NF,"c(0, 0)"
MS-MSS-00216|2006|1,2006,MS,MS-MSS-00216,WATERFORD FIRE,3,8,67,2006,3,3,62,0.40468600000000005,0,0,0,0,19,0,19,0,2,Human,NF,"c(0, 0)"
MS-MSS-00217|2006|1,2006,MS,MS-MSS-00217,DUPREE FIRE,3,8,67,2006,3,3,62,0.607029,0,0,0,0,9,0,9,0,2,Human,NF,"c(0, 0)"
MS-MSS-00218|2006|1,2006,MS,MS-MSS-00218,CEASAR FIRE,3,8,67,2006,3,3,62,1.011715,0,0,0,0,13,0,13,0,2,Human,NF,"c(0, 0)"
MS-MSS-00224|2006|1,2006,MS,MS-MSS-00224,SANDY CREEK FIRE,3,8,67,2006,3,4,63,2.02343,0,0,0,0,13,0,13,0,2,Human,NF,"c(0, 0)"
MS-MSS-00225|2006|1,2006,MS,MS-MSS-00225,ANNER FIRE,3,8,67,2006,3,4,63,1.0724179,0,0,0,0,15,0,15,0,2,Human,NF,"c(0, 0)"
MS-MSS-00226|2006|1,2006,MS,MS-MSS-00226,BLACK CREEK FIRE,3,8,67,2006,3,4,63,0.8903091999999999,0,0,0,0,11,0,11,0,2,Human,NF,"c(0, 0)"
MS-MSS-00227|2006|1,2006,MS,MS-MSS-00227,HICKMAN FIRE,3,8,67,2006,3,4,63,0.5058575,0,0,0,0,3,0,3,0,1,Human,NF,"c(0, 0)"
MS-MSS-00229|2006|1,2006,MS,MS-MSS-00229,CENTER RIDGE,3,8,67,2006,3,4,63,0.7284348,0,0,0,0,9,0,9,0,2,Human,NF,"c(0, 0)"
MS-MSS-00230|2006|1,2006,MS,MS-MSS-00230,ELLZEY FIRE,3,8,67,2006,3,5,64,0.12140580000000001,0,0,0,2,7,0,7,0,2,Human,NF,"c(0, 0)"
MS-MSS-00231|2006|1,2006,MS,MS-MSS-00231,SISTRUNK FIRE,3,8,67,2006,3,5,64,1.4568696,0,0,0,0,15,0,15,0,2,Human,NF,"c(0, 0)"
MS-MSS-00232|2006|1,2006,MS,MS-MSS-00232,PINOLO FIRE,3,8,67,2006,3,5,64,1.0521836,0,0,0,3,13,0,13,0,2,Human,NF,"c(0, 0)"
MS-MSS-00233|2006|1,2006,MS,MS-MSS-00233,MARION SCHOOL FIRE,3,8,67,2006,3,5,64,0.48562320000000003,0,0,0,0,3,0,3,0,1,Human,NF,"c(0, 0)"
MS-MSS-00236|2006|1,2006,MS,MS-MSS-00236,OSTEEN RD. FIRE,3,9,68,2006,3,5,64,1.6187440000000002,0,0,0,0,9,0,18,0,1,Human,NF,"c(0, 0)"
MS-MSS-00237|2006|1,2006,MS,MS-MSS-00237,CLEMNTS FIRE,3,8,67,2006,3,5,64,0.7082005,0,0,0,0,15,0,15,0,2,Human,NF,"c(0, 0)"
MS-MSS-00243|2006|1,2006,MS,MS-MSS-00243,GRANTHAM FIRE,3,8,67,2006,3,5,64,0.8903091999999999,0,0,0,0,7,0,7,0,1,Human,NF,"c(0, 0)"
MS-MSS-00244|2006|1,2006,MS,MS-MSS-00244,THOMPSON FIRE,3,8,67,2006,3,1,60,0.40468600000000005,0,0,0,0,9,0,9,0,2,Human,NF,"c(0, 0)"
MS-MSS-00245|2006|1,2006,MS,MS-MSS-00245,GALENA FIRE,3,8,67,2006,3,1,60,0.40468600000000005,0,0,0,14,9,0,9,0,1,Human,NF,"c(0, 0)"
MS-MSS-00246|2006|1,2006,MS,MS-MSS-00246,SPRING FIRE,3,8,67,2006,3,2,61,2.02343,0,0,0,0,25,0,25,0,2,Human,NF,"c(0, 0)"
MS-MSS-00247|2006|1,2006,MS,MS-MSS-00247,WOLF RIVER FIRE,3,8,67,2006,3,2,61,0.607029,0,0,0,0,11,0,11,0,2,Human,NF,"c(0, 0)"
MS-MSS-00248|2006|1,2006,MS,MS-MSS-00248,MORRIS CREEK FIRE,3,8,67,2006,3,5,64,0.00404686,0,0,0,0,13,0,13,0,2,Human,NF,"c(0, 0)"
MS-MSS-00249|2006|1,2006,MS,MS-MSS-00249,MT OLIVE,3,8,67,2006,3,5,64,0.40468600000000005,0,0,0,0,5,0,5,0,1,Human,NF,"c(0, 0)"
MS-MSS-00250|2006|1,2006,MS,MS-MSS-00250,HATCHIE RIVER,3,8,67,2006,3,5,64,2.428116,0,0,0,0,23,0,23,0,2,Human,NF,"c(0, 0)"
MS-MSS-00251|2006|1,2006,MS,MS-MSS-00251,WALL DOXEY,3,8,67,2006,3,3,62,0.40468600000000005,0,0,0,0,19,0,19,0,2,Human,NF,"c(0, 0)"
MS-MSS-00252|2006|1,2006,MS,MS-MSS-00252,CHICKASAW,3,8,67,2006,3,3,62,0.607029,0,0,0,0,9,0,9,0,2,Human,NF,"c(0, 0)"
MS-MSS-00253|2006|1,2006,MS,MS-MSS-00253,MORGAN fIRE,3,8,67,2006,3,6,65,1.0319493,0,0,0,0,5,0,5,0,1,Human,NF,"c(0, 0)"
MS-MSS-00253A|2006|1,2006,MS,MS-MSS-00253A,COWPEN FIRE,3,16,75,2006,3,6,65,1.214058,0,0,0,0,10,0,20,0,2,Human,NF,"c(0, 0)"
MS-MSS-0077|2006|1,2006,MS,MS-MSS-0077,RICEVILLE,1,5,5,2006,1,5,5,0.8093720000000001,0,0,0,0,10,0,10,0,3,Human,NF,"c(0, 0)"
MS-MSS-0079|2006|1,2006,MS,MS-MSS-0079,GRENADA JUNCTION,1,7,7,2006,1,7,7,0.060702900000000004,0,1,0,0,6,0,6,0,2,Human,NF,"c(0, 0)"
NC-CLQ-043002|2004|1,2004,NC,NC-CLQ-043002,BT-11,7,19,201,2004,7,16,198,6.07029,0,0,0,0,15,0,15,0,1,Human,L,"c(-76.420833, 35.016667)"
NC-NCS-13-28-8|2002|1,2002,NC,NC-NCS-13-28-8,MOON TILLETT FIRE,6,6,157,2002,6,6,157,0.0202343,0,0,0,0,44,0,44,0,4,Human,H,"c(-75.616667, 35.833333)"
NC-SWR-02001|2002|1,2002,NC,NC-SWR-02001,BELL SLOP FIRE,4,31,116,2002,3,28,87,6.07029,0,0,0,0,20,0,41,0,1,Human,H,"c(-76.383333, 35)"
NC4-016-0010|2002|1,2002,NC,NC4-016-0010,OLD CEDAR ISLAND RD,8,18,230,2002,8,8,220,4.052120918,35e3,0,0,20,17,1,34,2,1,Unk,H,"c(-76.369722, 34.87)"
NV-NTE-00042|2006|1,2006,NV,NV-NTE-00042,DOE 1 (MID-VALLEY),7,7,188,2006,7,4,185,34.39831,0,0,0,0,0,0,0,0,0,Lightning,M,"c(0, 0)"
OH-WAF-01|2003|1,2003,OH,OH-WAF-01,ICE STORM,3,9,68,2003,2,16,47,40.4686,0,0,0,0,0,0,0,0,0,Unk,,"c(0, 0)"
OK-OKS-06-50001|2006|1,2006,OK,OK-OKS-06-50001,Fairland FD,3,30,89,2006,3,27,86,1.6187440000000002,0,0,0,0,0,0,0,0,0,Unk,,"c(0, 0)"
OK-OKS-06-50003|2006|1,2006,OK,OK-OKS-06-50003,Gage,3,30,89,2006,3,16,75,1.6187440000000002,3200,0,0,0,0,0,0,0,0,Unk,,"c(0, 0)"
OK-OKS-06-50004|2006|1,2006,OK,OK-OKS-06-50004,Darrell Nichols old Place,3,30,89,2006,3,28,87,0.0202343,0,0,0,0,3,0,3,0,1,Human,NF,"c(0, 0)"
OK-OKS-06-50005|2006|1,2006,OK,OK-OKS-06-50005,Chouteau Point,3,31,90,2006,3,27,86,0.20234300000000002,0,0,0,12,28,0,28,0,1,Unk,,"c(0, 0)"
OK-OKS-06-50006|2006|1,2006,OK,OK-OKS-06-50006,SW Lincoln Co. 6119,3,31,90,2006,3,28,87,0.00809372,0,0,1,2,0,0,0,0,0,Human,NF,"c(0, 0)"
OK-OKS-06-50007|2006|1,2006,OK,OK-OKS-06-50007,Copan 44,3,31,90,2006,3,27,86,3.2374880000000004,0,0,0,0,6,0,6,0,1,Unk,,"c(0, 0)"
OK-OKS-06-50010|2006|1,2006,OK,OK-OKS-06-50010,10 Mile Road,4,19,109,2006,4,6,96,1.9424928000000001,0,0,0,30,0,0,0,0,0,Human,NF,"c(0, 0)"
OK-OKS-06-50012|2006|1,2006,OK,OK-OKS-06-50012,OSFD #145,4,19,109,2006,4,6,96,0,0,0,1,1,4,0,4,0,1,Human,NF,"c(0, 0)"
OK-OKS-06-50013|2006|1,2006,OK,OK-OKS-06-50013,Strother Fire 43,4,20,110,2006,4,17,107,1.214058,0,0,0,0,15,0,15,0,1,Human,NF,"c(0, 0)"
OK-OKS-06-60005|2006|1,2006,OK,OK-OKS-06-60005,GUTHRIE FIRE,1,8,8,2006,1,1,1,4.04686,0,0,0,100,45,0,47,0,1,Unk,,"c(0, 0)"
OK-OKS-06-6039|2006|1,2006,OK,OK-OKS-06-6039,Charles Harrier,2,12,43,2006,2,7,38,1.214058,0,0,0,2,42,0,105,0,2,Unk,,"c(0, 0)"
OK-OKS-06-6086|2006|1,2006,OK,OK-OKS-06-6086,Oklahoma Fire Response,3,31,82,2006,1,1,1,1798.69977048,96e5,0,40,185,327,6,11763,207,2,Unk,,"c(0, 0)"
OK-OKS-MISC1|2002|1,2002,OK,OK-OKS-MISC1,ABC MISC-1,8,24,236,2002,1,1,1,0,0,0,1,171,0,0,0,0,0,Human,NF,"c(0, 0)"
OR-711-000131-04|2003|1,2003,OR,OR-711-000131-04,9-05 Complex,9,6,249,2003,9,5,248,2.7316305,4e5,0,0,0,425,0,425,0,4,Lightning,NF,"c(0, 0)"
OR-UPF-000016|2003|1,2003,OR,OR-UPF-000016,SNOG,8,10,222,2003,6,13,164,0,0,0,0,0,0,0,0,0,0,Unk,,"c(0, 0)"
OR-VAD-000231|2005|1,2005,OR,OR-VAD-000231,Thieft Valley,7,29,210,2005,7,28,209,0.9712464000000001,0,0,0,0,0,0,0,0,0,Lightning,NF,"c(0, 0)"
PA-PAS-031003|2007|1,2007,PA,PA-PAS-031003,Laurel Run/Lupfer,4,24,114,2007,4,22,112,0.00404686,0,0,0,0,37,0,37,0,2,Unk,,"c(0, 0)"
PA-PAS-16-005|2006|1,2006,PA,PA-PAS-16-005,Campground,4,12,102,2006,3,30,89,0.00404686,0,0,0,0,0,0,0,0,0,Human,NF,"c(0, 0)"
PA-PAS-19-024|2006|1,2006,PA,PA-PAS-19-024,Hamilton,4,5,95,2006,3,31,90,0,0,0,0,0,40,0,40,0,2,Unk,,"c(0, 0)"
PR-CBR-000006|2012|1,2012,FL,PR-CBR-000006,Father Day,7,3,185,2012,6,16,168,1.0521836,15e3,0,0,0,3,0,3,0,2,Human,M,"c(-67.2025, 17.965556)"
PR-CBR-HLT9|2013|1,2013,,PR-CBR-HLT9,Dozer Line,6,28,179,2013,6,20,171,0.495335664,0,0,0,100,12,0,36,0,1,Human,H,"c(-67.171111, 17.975556)"
PR-CBR-HUK4|2013|1,2013,,PR-CBR-HUK4,Cabo Rojo Saltflats,8,28,240,2013,8,7,219,0.45324832000000004,0,0,0,0,12,0,36,0,1,Human,M,"c(-67.203611, 17.967778)"
PR-VQR-0013|2013|1,2013,,PR-VQR-0013,Impact Area,5,27,133,2013,4,24,114,1.214058,0,0,0,0,5,0,21,0,1,Human,H,"c(-65.335556, 18.140556)"
PR-VQR-HC2U|2013|1,2013,,PR-VQR-HC2U,La Roceta,4,14,92,2013,3,2,61,0.63940388,0,0,0,0,7,0,21,0,2,Unk,H,"c(-67.080278, 18.005833)"
PR-VQR-HDH1|2013|1,2013,,PR-VQR-HDH1,Puerto Negro,4,31,97,2013,3,26,85,6.07029,2e3,0,0,0,2,0,14,0,1,Human,H,"c(-65.325278, 18.138333)"
SD-PRA-258|2003|1,2003,SD,SD-PRA-258,PAPA,8,14,226,2003,8,13,225,20.1938314,0,0,0,2,40,0,80,0,1,Unk,,"c(0, 0)"
TN-CNF-012|2001|1,2001,TN,TN-CNF-012,North-End Complex,11,20,324,2001,11,10,314,10.5825389,1297313,0,0,0,229,0,687,0,4,Human,NF,"c(0, 0)"
TN-D3S-001|2002|1,2002,TN,TN-D3S-001,Meigs Co. Fire,8,29,241,2002,8,13,225,0.6677319,0,0,0,2,0,0,0,0,0,Human,NF,"c(0, 0)"
TN-D3S-002|2002|1,2002,TN,TN-D3S-002,Rhea County,8,29,241,2002,8,13,225,1.6187440000000002,0,0,0,19,0,0,0,0,0,Human,NF,"c(0, 0)"
TX-AHR-2819|2002|1,2002,TX,TX-AHR-2819,S. RES CAMPBELL,12,23,357,2002,12,19,353,2.428116,0,0,0,0,6,0,12,0,1,Human,NF,"c(0, 0)"
TX-PAP-012002|2012|1,2012,TX,TX-PAP-012002,6 Mile,7,19,201,2012,7,14,196,52.601086280000004,1e4,0,0,0,26,0,41,0,3,Lightning,H,"c(-97.356389, 27.366944)"
TX-RGR-D14B|2007|1,2007,TX,TX-RGR-D14B,PATE,11,9,313,2007,11,6,310,0.7082005,2e4,0,0,0,13,0,32,0,2,Unk,H,"c(-98.285278, 26.103611)"
TX-TXS-006008|2005|1,2005,TX,TX-TXS-006008,EAST TEXAS INITIAL ATTACK,12,31,365,2005,12,26,360,0,0,0,3,25,76,0,76,0,6,Unk,,"c(0, 0)"
TX-TXS-006008|2006|1,2006,TX,TX-TXS-006008,EAST TEXAS INITIAL ATTACK,1,25,25,2005,12,1,335,50.88521764,5370903,0,7,30,407,0,7602,0,8,Unk,,"c(0, 0)"
TX-TXS-06003|2006|1,2006,TX,TX-TXS-06003,North Central Texas IA,3,31,60,2005,11,1,331,1015.5271421199999,25369466,0,37,184,716,0,26765,0,10,Unk,,"c(0, 0)"
TX-TXS-06013|2006|1,2006,TX,TX-TXS-06013,West Texas IA,6,31,152,2006,3,1,60,82.29694496,17775e3,0,1,145,453,0,19276,0,9,Unk,,"c(0, 0)"
TX-TXS-06016|2006|1,2006,TX,TX-TXS-06016,West Texas Summer Fire,9,31,261,2006,9,31,261,37.84218786,20920719,0,0,60,515,1,21994,18,9,Unk,,"c(0, 0)"
TX-TXS-066043|2006|1,2006,TX,TX-TXS-066043,Gunsight Complex,2,14,45,2006,2,12,43,6.576147499999999,0,0,2,15,0,0,0,0,0,Unk,,"c(0, 0)"
TX-TXS-88052|2008|1,2008,TX,TX-TXS-88052,Texas Winter Fires 2008,8,31,234,2008,1,28,28,89.58533981999999,77648139,0,8,270,509,0,65956,0,10,Unk,,"c(0, 0)"
TX-TXS-990045|2009|1,2009,TX,TX-TXS-990045,#1053,3,8,67,2009,3,5,64,2.6102247,0,0,1,0,0,0,0,0,0,Unk,NF,"c(-55.084722, 0)"
VA-VAS-0014|2006|1,2006,VA,VA-VAS-0014,Newsomes,3,14,73,2006,3,13,72,0.44515459999999996,2e3,0,0,60,32,0,32,0,1,Human,NF,"c(0, 0)"
VA-VAS-09050056|2009|1,2009,VA,VA-VAS-09050056,Poor Mountain,4,21,111,2009,4,5,95,0.7082005,0,0,0,5,0,0,0,0,0,Human,NF,"c(-80.206667, 80.206667)"
WA-WFS-0004|2003|1,2003,WA,WA-WFS-0004,HIGHWAY 10 FIRE,7,30,211,2003,7,28,209,0.8093720000000001,0,0,0,0,65,0,65,0,1,Unk,,"c(0, 0)"
WV-WVS-S2009400152|2009|1,2009,WV,WV-WVS-S2009400152,BRADSHAW #2,6,23,174,2009,4,26,116,0,0,0,1,0,0,0,0,0,0,Unk,NF,"c(-100, 0)"
WY-BTF-005|2003|1,2003,WY,WY-BTF-005,TWO ECHO,6,28,179,2003,5,30,150,0,0,0,0,0,1,0,2,0,1,Unk,,"c(0, 0)"
